{"New York City":12.05066299438477,"Los Angeles":39.89407348632812,"Chicago":182.0621490478516,"Houston":16.10604095458984,"Phoenix":383.3176879882812,"Philadelphia":32.18518829345703,"San Antonio":228.4569091796875,"San Diego":97.77145385742188,"Dallas":132.3288421630859,"San Jose":47.69211578369141,"Austin":190.9090118408203,"San Francisco":54.1316032409668,"Columbus":114.938850402832,"Indianapolis":222.7087860107422,"Fort Worth":168.6562042236328,"Charlotte":211.2548065185547,"Seattle":32.63101577758789,"Denver":1613.201782226562,"El Paso":1191.57666015625,"Washington":23.24991989135742,"Nashville":134.3912200927734,"Memphis":85.60027313232422,"Oklahoma City":365.1106262207031,"Las Vegas":733.8373413085938,"Louisville":149.6487121582031,"Baltimore":25.04959106445312,"Milwaukee":216.6048126220703,"Albuquerque":1520.204956054688,"Tucson":820.3497924804688,"Fresno":94.67565155029297,"Sacramento":11.73776340484619,"Mesa":405.9096069335938,"Kansas City":274.8486328125,"Atlanta":295.2529907226562,"Long Beach":12.98425006866455,"Colorado Springs":1968.27734375,"Raleigh":77.41880798339844,"Miami":4.024955272674561,"Virginia Beach":4.279782772064209,"Omaha":350.4994812011719,"Oakland":17.14587020874023,"Minneapolis":263.7236938476562,"Tulsa":216.0091705322266,"Arlington":198.0996398925781,"New Orleans":-0.6074823141098022,"Wichita":396.4668579101562,"Cleveland":196.8182830810547,"Tampa":9.238558769226074,"Bakersfield":113.41748046875,"Aurora":217.3396301269531,"Honolulu":78.86256408691406,"Anaheim":211.5722351074219,"Santa Ana":27.73994064331055,"Corpus Christi":-3.275635719299316,"Riverside":280.1307678222656,"Lexington":307.9909973144531,"St. Louis":153.6284332275391,"Stockton":4.162930965423584,"Pittsburgh":257.1167602539062,"Saint Paul":263.2032165527344,"Cincinnati":173.9483337402344,"Anchorage":27.87298583984375,"Henderson":733.0341186523438,"Greensboro":249.0953369140625,"Plano":220.6709442138672,"Newark":13.82820892333984,"Toledo":185.0187072753906,"Orlando":26.53831481933594,"Chula Vista":116.1349182128906,"Irvine":47.9702033996582,"Fort Wayne":235.1084289550781,"Jersey City":11.92693614959717,"Laredo":138.5154876708984,"Buffalo":183.09130859375,"Madison":275.2627563476562,"Lubbock":982.0439453125,"Chandler":368.2384948730469,"Scottsdale":725.1522216796875,"Glendale":572.1354370117188,"Reno":1385.75048828125,"Winston–Salem":260.334228515625,"Irving":156.7175598144531,"Chesapeake":9.115917205810547,"Gilbert":389.4664001464844,"Hialeah":1.608018040657043,"Garland":165.0178375244141,"Fremont":40.2530403137207,"Baton Rouge":15.6267204284668,"Richmond":20.5455265045166,"Boise":832.8738403320312,"San Bernardino":360.9155883789062,"Spokane":580.5813598632812,"Des Moines":242.7136535644531,"Modesto":29.27521133422852,"Birmingham":183.5286560058594,"Tacoma":103.1812286376953,"Fontana":397.4629821777344,"Rochester":312.8421630859375,"Oxnard":10.86412143707275,"Moreno Valley":497.7559204101562,"Fayetteville":70.65370178222656,"Yonkers":45.84757232666016,"Huntington Beach":4.907425880432129,"Montgomery":73.77412414550781,"Amarillo":1113.220092773438,"Little Rock":109.3914184570312,"Akron":276.0475158691406,"Augusta":74.32241821289062,"Grand Rapids":214.6805419921875,"Salt Lake City":1288.047119140625,"Huntsville":241.4541931152344,"Mobile":8.530040740966797,"Tallahassee":41.7346305847168,"Grand Prairie":162.6636505126953,"Knoxville":281.6033630371094,"Worcester":167.8161926269531,"Brownsville":3.668003797531128,"Tempe":359.1953735351562,"Santa Clarita":461.8392944335938,"Cape Coral":3.127963066101074,"Providence":14.07026863098145,"Fort Lauderdale":1.79512095451355,"Chattanooga":208.6384582519531,"Rancho Cucamonga":435.2663269042969,"Oceanside":78.30772399902344,"Santa Rosa":60.24154663085938,"Garden Grove":24.39969825744629,"Vancouver":53.88413619995117,"Sioux Falls":429.5553894042969,"Ontario":262.8182678222656,"McKinney":184.6074981689453,"Elk Grove":11.79834651947021,"Jackson":96.69692993164062,"Pembroke Pines":1.444835543632507,"Salem":74.20567321777344,"Springfield":182.6530609130859,"Corona":257.3242492675781,"Eugene":144.2565002441406,"Fort Collins":1520.125122070312,"Peoria":210.9230041503906,"Cary":127.4707183837891,"Lancaster":718.0821533203125,"Hayward":5.76224946975708,"Palmdale":798.488525390625,"Salinas":24.7820987701416,"Alexandria":13.24127006530762,"Lakewood":1735.441284179688,"Pasadena":303.9319763183594,"Sunnyvale":20.59795188903809,"Macon":111.0867538452148,"Pomona":256.8042297363281,"Hollywood":2.671331167221069,"Escondido":207.2674255371094,"Clarksville":154.8666229248047,"Joliet":184.4474945068359,"Rockford":235.9740142822266,"Naperville":210.8238372802734,"Paterson":25.23893356323242,"Savannah":7.565271854400635,"Bridgeport":18.05940628051758,"Mesquite":146.9551696777344,"Killeen":269.6495971679688,"McAllen":39.49846267700195,"Bellevue":81.90167236328125,"Fullerton":63.67143249511719,"Orange":100.9717483520508,"Dayton":229.6666412353516,"West Valley City":1326.6142578125,"Olathe":314.4065856933594,"Warren":189.6604766845703,"Midland":855.43896484375,"Waco":164.5652923583984,"Charleston":2.406426906585693,"Columbia":217.2992401123047,"Denton":201.538818359375,"Carrollton":162.5995941162109,"Surprise":415.1067810058594,"Roseville":45.56225204467773,"Sterling Heights":188.3580017089844,"Murfreesboro":182.0863037109375,"Gainesville":49.48161697387695,"Visalia":98.38510131835938,"Coral Springs":3.272654056549072,"New Haven":8.618133544921875,"Stamford":41.51215744018555,"Thousand Oaks":255.1562042236328,"Concord":50.13447570800781,"Elizabeth":6.152734756469727,"Lafayette":10.357346534729,"Kent":80.88365936279297,"Topeka":284.01318359375,"Simi Valley":315.89892578125,"Santa Clara":19.46969795227051,"Athens":211.4684448242188,"Victorville":907.859375,"Abilene":523.8033447265625,"Norman":355.3403015136719,"Vallejo":8.783175468444824,"Berkeley":9.083223342895508,"Round Rock":221.7233734130859,"Ann Arbor":259.4443359375,"Fargo":275.3562316894531,"Evansville":117.2347564697266,"Beaumont":6.0906662940979,"Odessa":894.012939453125,"Wilmington":8.641845703125,"Arvada":1649.634155273438,"Independence":253.3197479248047,"Provo":1414.906372070312,"Lansing":258.401611328125,"El Monte":89.09578704833984,"Fairfield":14.09226322174072,"Clearwater":11.92752552032471,"Carlsbad":56.82906723022461,"Westminster":1625.864868164062,"West Jordan":1424.279296875,"Pearland":14.6775598526001,"Richardson":192.8688812255859,"Downey":34.33487701416016,"Miami Gardens":1.765599608421326,"Temecula":375.8383483886719,"Costa Mesa":20.32706642150879,"College Station":91.05879211425781,"Elgin":245.2210845947266,"Murrieta":377.1685485839844,"Gresham":103.3019790649414,"High Point":253.1137084960938,"Antioch":61.06558227539062,"Inglewood":41.96944046020508,"Lowell":39.05543899536133,"Manchester":80.88672637939453,"Billings":981.4772338867188,"Pueblo":1432.060180664062,"Palm Bay":7.79314661026001,"Centennial":1763.100952148438,"Ventura":38.54940414428711,"Pompano Beach":4.020965099334717,"North Charleston":14.1559944152832,"Everett":5.763298988342285,"Waterbury":158.7394256591797,"West Palm Beach":5.697654247283936,"Boulder":1642.96142578125,"West Covina":140.8134613037109,"Broken Arrow":218.0362854003906,"Clovis":93.50309753417969,"Daly City":91.14307403564453,"Lakeland":59.56396484375,"Santa Maria":66.66989135742188,"Norwalk":28.46698188781738,"Sandy Springs":233.8153991699219,"Hillsboro":48.94879531860352,"Green Bay":178.3123168945312,"Tyler":164.1124420166016,"Wichita Falls":294.580810546875,"Lewisville":165.804443359375,"Greeley":1445.915283203125,"San Mateo":32.76329040527344,"El Cajon":196.6278076171875,"Jurupa Valley":-714.04296875,"Rialto":398.3627014160156,"Davenport":208.5783233642578,"League City":5.506415367126465,"Davie":1.713915944099426,"Las Cruces":1226.735595703125,"South Bend":215.6079711914062,"Vista":131.2500915527344,"Woodbridge":12.42142200469971,"Renton":63.78656768798828,"San Angelo":569.1854858398438}