{"Tucson":167.9,"Las Vegas":548.7,"San Jose":243.6,"Anaheim":149.9,"Henderson":88.18181818181819,"North Las Vegas":128.66666666666666,"Honolulu":412.45,"San Antonio":322.5,"Fresno":139.8,"Scottsdale":107.95,"Reno":249.4,"Seattle":596.7,"Sacramento":281.7,"St. Petersburg":244,"Oklahoma City":346.15,"New York City":1027.65,"Denver":502.7,"Buffalo":277.45,"Chandler":58.86666666666667,"Newark":300.45,"Norfolk":202.6,"Fremont":44.7,"San Diego":432,"New Orleans":436.85,"Tampa":380.3,"Riverside":99.55,"Greensboro":194.26315789473685,"Jersey City":500.25,"Boise":169,"Portland":352.7,"Milwaukee":365.4,"Phoenix":363.95,"Garland":45.2,"Jacksonville":317.65,"Aurora":92.25,"Stockton":110.26315789473684,"Los Angeles":701.55,"Detroit":469.75,"Santa Ana":155.45,"Austin":424.7,"Chesapeake":51.35,"Orlando":292.8,"Charlotte":480.6,"Mesa":85.73684210526316,"San Bernardino":97.25,"Albuquerque":191.95,"Boston":567.75,"Louisville":318.65,"Houston":732.25,"Anchorage":191.6315789473684,"Irvine":189.65,"Philadelphia":609.7,"Pittsburgh":510.75,"Raleigh":199.6,"Oakland":306.5,"Toledo":227.3,"Cincinnati":380.6,"Washington":183.3,"Baton Rouge":186.05,"Columbus":105.21428571428571,"Lexington":204.4,"Hialeah":100.6,"Atlanta":643.95,"Fort Wayne":164.4,"Cleveland":438.65,"Virginia Beach":210.45,"Chicago":921.35,"St. Louis":373.05,"Kansas City":132.35,"Fort Worth":333.95,"Gilbert":59,"Long Beach":217.2,"Irving":205.45,"Minneapolis":529.05,"Saint Paul":529.05,"Wichita":155.05,"Richmond":22.25,"Corpus Christi":212.4,"Durham":148,"Nashville":389.5,"Arlington":99.95,"Miami":639.45,"Omaha":274.3,"Chula Vista":35.611111111111114,"Indianapolis":370.6,"Dallas":642.1,"Tulsa":341,"El Paso":177.83333333333334,"Plano":124.8,"Colorado Springs":140.89473684210526,"Madison":167.95,"Lincoln":164.15,"Memphis":280.8,"Baltimore":393.4,"Glendale":198.8421052631579,"San Francisco":619.2,"Lubbock":142.16666666666666,"Laredo":81.84210526315789,"Bakersfield":90}
